Date,Brazil,Russia,India,China,South_Africa,Germany_EU,Japan,UK,Canada,DXY,Oil_WTI,Gold,US_Fed_Rate,US_CPI,US_M2,US_10Y_Yield
2000-01-01,,,,,,,,,,,,,5.45,169.3,4667.6,6.66
2000-01-31,,,,,,,107.19999694824219,,,105.12999725341797,,,,,,
2000-02-01,,,,,,,,,,,,,5.73,170.0,4680.9,6.52
2000-02-29,,,,,,,110.19000244140625,,,105.91999816894531,,,,,,
2000-03-01,,,,,,,,,,,,,5.85,171.0,4711.7,6.26
2000-03-31,,,,,,,102.95999908447266,,,105.44000244140625,,,,,,
2000-04-01,,,,,,,,,,,,,6.02,170.9,4767.8,5.99
2000-04-30,,,,,,,108.1500015258789,,,110.13999938964844,,,,,,
2000-05-01,,,,,,,,,,,,,6.27,171.2,4755.7,6.44
2000-05-31,,,,,,,107.62999725341797,,,108.73999786376953,,,,,,
2000-06-01,,,,,,,,,,,,,6.53,172.2,4773.6,6.1
2000-06-30,,,,,,,106.01000213623047,,,106.83999633789062,,,,,,
2000-07-01,,,,,,,,,,,,,6.54,172.7,4791.3,6.05
2000-07-31,,,,,,,109.33000183105469,,,109.56999969482422,,,,,,
2000-08-01,,,,,,,,,,,,,6.5,172.7,4819.5,5.83
2000-08-31,,,,,,,106.66999816894531,,,112.5999984741211,33.099998474121094,278.29998779296875,,,,
2000-09-01,,,,,,,,,,,,,6.52,173.6,4855.2,5.8
2000-09-30,,,,,,,108.12999725341797,,,113.25,30.860000610351562,273.6000061035156,,,,
2000-10-01,,,,,,,,,,,,,6.51,173.9,4871.3,5.74
2000-10-31,,,,,,,108.79000091552734,,,116.6500015258789,32.689998626708984,264.8999938964844,,,,
2000-11-01,,,,,,,,,,,,,6.51,174.2,4882.7,5.72
2000-11-30,,,,,,,110.37000274658203,,,115.23999786376953,33.79999923706055,270.1000061035156,,,,
2000-12-01,,,,,,,,,,,,,6.4,174.6,4927.6,5.24
2000-12-31,,,,,,,114.37999725341797,,,109.55999755859375,26.799999237060547,272.0,,,,
2001-01-01,,,,,,,,,,,,,5.98,175.6,4978.3,5.16
2001-01-31,,,,,,,116.68000030517578,,,110.5199966430664,28.700000762939453,265.6000061035156,,,,
2001-02-01,,,,,,,,,,,,,5.49,176.0,5017.0,5.1
2001-02-28,,,,,,,117.38999938964844,,,112.01000213623047,27.420000076293945,266.79998779296875,,,,
2001-03-01,,,,,,,,,,,,,5.31,176.1,5074.8,4.89
2001-03-31,,,,,,,126.2300033569336,,,117.37000274658203,26.399999618530273,257.8999938964844,,,,
2001-04-01,,,,,,,,,,,,,4.8,176.4,5139.1,5.14
2001-04-30,,,,,,,123.37999725341797,,,115.8499984741211,28.459999084472656,264.0,,,,
2001-05-01,,,,,,,,,,,,,4.21,177.3,5137.2,5.39
2001-05-31,,,,,,,119.2300033569336,,,119.06999969482422,28.3700008392334,265.29998779296875,,,,
2001-06-01,,,,,,,,,,,,,3.97,177.7,5180.1,5.28
2001-06-30,,,,8.276800155639648,,,124.5,,,119.43000030517578,26.25,270.6000061035156,,,,
2001-07-01,,,,,,,,,,,,,3.77,177.4,5210.0,5.24
2001-07-31,,,,8.276700019836426,,,125.01000213623047,,,117.18000030517578,26.350000381469727,266.20001220703125,,,,
2001-08-01,,,,,,,,,,,,,3.65,177.4,5243.8,4.97
2001-08-31,,,,8.276900291442871,,,118.75,,,113.41999816894531,27.200000762939453,274.3999938964844,,,,
2001-09-01,,,,,,,,,,,,,3.07,178.1,5355.1,4.73
2001-09-30,,,,8.276900291442871,,,119.4800033569336,,,113.4800033569336,23.43000030517578,292.3999938964844,,,,
2001-10-01,,,,,,,,,,,,,2.49,177.6,5343.8,4.57
2001-10-31,,,,8.277000427246094,,,122.4000015258789,,,114.86000061035156,21.18000030517578,279.5,,,,
2001-11-01,,,,,,,,,,,,,2.09,177.5,5387.5,4.65
2001-11-30,,,,8.277400016784668,,,123.44999694824219,,,116.12999725341797,19.440000534057617,273.8999938964844,,,,
2001-12-01,,,,,,,,,,,,,1.82,177.4,5440.5,5.09
2001-12-31,,,,8.276700019836426,,,131.6699981689453,,,116.75,19.84000015258789,278.70001220703125,,,,
2002-01-01,,,,,,,,,,,,,1.73,177.7,5460.9,5.04
2002-01-31,,,,8.27649974822998,,,134.8699951171875,,,120.23999786376953,19.479999542236328,282.1000061035156,,,,
2002-02-01,,,,,,,,,,,,,1.74,178.0,5490.2,4.91
2002-02-28,,,,8.27649974822998,,,133.4600067138672,,,119.16000366210938,21.850000381469727,296.70001220703125,,,,
2002-03-01,,,,,,,,,,,,,1.73,178.5,5502.0,5.28
2002-03-31,,,,8.277400016784668,,,132.6999969482422,,,118.62000274658203,26.229999542236328,302.6000061035156,,,,
2002-04-01,,,,,,,,,,,,,1.75,179.3,5502.1,5.21
2002-04-30,,,,8.277299880981445,,,128.52999877929688,,,115.19000244140625,27.290000915527344,308.8999938964844,,,,
2002-05-01,,,,,,,,,,,,,1.75,179.5,5528.3,5.16
2002-05-31,,,,8.27649974822998,,,124.05999755859375,,,111.80999755859375,25.350000381469727,326.5,,,,
2002-06-01,,,,,,,,,,,,,1.75,179.6,5553.3,4.93
2002-06-30,,,,8.277099609375,,,119.5199966430664,,,106.11000061035156,26.860000610351562,313.5,,,,
2002-07-01,,,,,,,,,,,,,1.73,180.0,5596.0,4.65
2002-07-31,,,,8.276700019836426,,,119.77999877929688,,,107.41000366210938,27.020000457763672,303.20001220703125,,,,
2002-08-01,,,,,,,,,,,,,1.74,180.5,5638.3,4.26
2002-08-31,,,,8.276800155639648,,,118.43000030517578,,,106.9800033569336,28.979999542236328,312.3999938964844,,,,
2002-09-01,,,,,,,,,,,,,1.75,180.8,5662.3,3.87
2002-09-30,,,,8.266900062561035,,,121.83000183105469,,,106.87000274658203,30.469999313354492,323.8999938964844,,,,
2002-10-01,,,,,,,,,,,,,1.75,181.2,5707.1,3.94
2002-10-31,,,,8.277000427246094,,,122.44999694824219,,,106.63999938964844,27.219999313354492,318.0,,,,
2002-11-01,,,,,,,,,,,,,1.34,181.5,5758.1,4.05
2002-11-30,,,,8.277199745178223,,,122.47000122070312,,,106.41000366210938,26.889999389648438,316.79998779296875,,,,
2002-12-01,,,,,,,,,,,,,1.24,181.8,5779.4,4.03
2002-12-31,,,,8.277000427246094,,,118.69999694824219,,,101.8499984741211,31.200000762939453,347.6000061035156,,,,
2003-01-01,,,,,,,,,,,,,1.24,182.6,5812.1,4.05
2003-01-31,,,,8.276900291442871,,,119.91000366210938,,,99.91000366210938,33.5099983215332,368.29998779296875,,,,
2003-02-01,,,,,,,,,,,,,1.26,183.6,5848.2,3.9
2003-02-28,,,,8.27750015258789,,,118.08999633789062,,,99.70999908447266,36.599998474121094,350.20001220703125,,,,
2003-03-01,,,,,,,,,,,,,1.25,183.9,5868.4,3.81
2003-03-31,,,,8.277400016784668,,,118.01000213623047,,,99.05999755859375,31.040000915527344,335.8999938964844,,,,
2003-04-01,,,,,,,,,,,,,1.26,183.2,5905.5,3.96
2003-04-30,,,,8.277000427246094,,,118.81999969482422,,,97.19000244140625,25.799999237060547,339.1000061035156,,,,
2003-05-01,,,,,,,,,,,,,1.26,182.9,5965.3,3.57
2003-05-31,,,,,,,119.30000305175781,,,93.2699966430664,29.559999465942383,364.5,,,,
2003-06-01,,,,,,,,,,,,,1.22,183.1,6002.2,3.33
2003-06-30,,,,,,,119.66999816894531,,,94.7300033569336,30.190000534057617,346.0,,,,
2003-07-01,,,,,,,,,,,,,1.01,183.7,6049.1,3.98
2003-07-31,,,,,,,120.55999755859375,,,96.88999938964844,30.540000915527344,354.0,,,,
2003-08-01,,,,,,,,,,,,,1.03,184.5,6107.1,4.45
2003-08-31,,,,,,,116.88999938964844,,,98.0999984741211,31.56999969482422,375.70001220703125,,,,
2003-09-01,,,,,,,,,,,,,1.01,185.1,6079.7,4.27
2003-09-30,,,,,,,111.29000091552734,,1.3502000570297241,92.8499984741211,29.200000762939453,385.3999938964844,,,,
2003-10-01,,,,,,,,,,,,,1.01,184.9,6070.0,4.29
2003-10-31,,,,,,,110.0,,1.3169000148773193,92.7300033569336,29.110000610351562,384.5,,,,
2003-11-01,,,,,,,,,,,,,1.0,185.0,6075.5,4.3
2003-11-30,,,,,,,109.62000274658203,,1.3004000186920166,90.20999908447266,30.40999984741211,396.79998779296875,,,,
2003-12-01,,,,,,,,,,,,,0.98,185.5,6073.8,4.27
2003-12-31,2.9010000228881836,29.229999542236328,45.529998779296875,8.26669979095459,6.666100025177002,1.2590018510818481,107.4000015258789,1.7888127565383911,1.2971999645233154,86.91999816894531,32.52000045776367,415.70001220703125,,,,
2004-01-01,,,,,,,,,,,,,1.0,186.3,6082.1,4.15
2004-01-31,2.931999921798706,28.520000457763672,45.00400161743164,8.266799926757812,7.052999973297119,1.2468050718307495,105.72000122070312,1.8252837657928467,1.323699951171875,87.19999694824219,33.04999923706055,402.20001220703125,,,,
2004-02-01,,,,,,,,,,,,,1.01,186.7,6121.8,4.08
2004-02-29,2.9049999713897705,28.520000457763672,45.19599914550781,8.266900062561035,6.625,1.2494065761566162,109.25,1.8695082664489746,1.3346999883651733,87.30999755859375,36.15999984741211,396.3999938964844,,,,
2004-03-01,,,,,,,,,,,,,1.0,187.1,6157.9,3.83
2004-03-31,2.8949999809265137,28.48780059814453,43.33399963378906,8.267000198364258,6.269999980926514,1.231299638748169,104.20999908447266,1.843385934829712,1.3095999956130981,87.61000061035156,35.7599983215332,427.29998779296875,,,,
2004-04-01,,,,,,,,,,,,,1.0,187.4,6198.9,4.35
2004-04-30,2.930000066757202,29.0,44.284000396728516,8.26710033416748,6.9670000076293945,1.198293685913086,110.37000274658203,1.7785998582839966,1.3708000183105469,90.4800033569336,37.380001068115234,387.0,,,,
2004-05-01,,,,,,,,,,,,,1.0,188.2,6275.7,4.72
2004-05-31,3.187000036239624,28.989999771118164,45.290000915527344,8.266900062561035,6.509399890899658,1.2198989391326904,109.5199966430664,1.8326095342636108,1.3624999523162842,88.94999694824219,39.880001068115234,394.0,,,,
2004-06-01,,,,,,,,,,,,,1.03,188.9,6277.9,4.73
2004-06-30,3.0850000381469727,29.059999465942383,45.88800048828125,8.266599655151367,6.122600078582764,1.218397855758667,108.87000274658203,1.8202005624771118,1.333299994468689,88.80000305175781,37.04999923706055,392.6000061035156,,,,
2004-07-01,,,,,,,,,,,,,1.26,189.1,6291.1,4.5
2004-07-31,3.0360000133514404,29.100000381469727,46.250999450683594,8.266900062561035,6.242599964141846,1.2016053199768066,111.36000061035156,1.822090983390808,1.3314000368118286,89.95999908447266,43.79999923706055,391.0,,,,
2004-08-01,,,,,,,,,,,,,1.43,189.2,6317.8,4.28
2004-08-31,2.9519999027252197,29.219999313354492,46.27399826049805,8.266599655151367,6.625,1.2178043127059937,109.16999816894531,1.8024837970733643,1.312399983406067,88.94000244140625,42.119998931884766,410.3999938964844,,,,
2004-09-01,,,,,,,,,,,,,1.61,189.8,6352.2,4.13
2004-09-30,,29.219999313354492,45.808998107910156,8.266599655151367,6.426599979400635,1.2433944940567017,110.08000183105469,1.8128092288970947,1.2615000009536743,87.36000061035156,49.63999938964844,418.70001220703125,,,,
2004-10-01,,,,,,,,,,,,,1.76,190.8,6379.8,4.1
2004-10-31,,28.729999542236328,45.310001373291016,8.266501426696777,6.091100215911865,1.2791976928710938,105.72000122070312,1.8381000757217407,1.2172000408172607,84.91000366210938,51.7599983215332,428.5,,,,
2004-11-01,,,,,,,,,,,,,1.93,191.7,6406.3,4.19
2004-11-30,,28.1200008392334,44.433998107910156,8.266501426696777,5.791200160980225,1.3298048973083496,102.9000015258789,1.9095995426177979,1.1877000331878662,81.81999969482422,49.130001068115234,451.29998779296875,,,,
2004-12-01,,,,,,,,,,,,,2.16,191.7,6424.5,4.23
2004-12-31,,27.709999084472656,43.30799865722656,8.266501426696777,5.640100002288818,1.3565024137496948,102.51000213623047,1.9197911024093628,1.2010999917984009,80.8499984741211,43.45000076293945,437.5,,,,
2005-01-01,,,,,,,,,,,,,2.28,191.6,6430.8,4.22
2005-01-31,,28.117799758911133,43.65999984741211,8.266501426696777,5.9670000076293945,1.305193305015564,103.5999984741211,1.8841972351074219,1.2402000427246094,83.5999984741211,48.20000076293945,421.79998779296875,,,,
2005-02-01,,,,,,,,,,,,,2.5,192.4,6438.9,4.17
2005-02-28,,27.69379997253418,43.560001373291016,8.266501426696777,5.806300163269043,1.3217023611068726,104.52999877929688,1.9192017316818237,1.2343000173568726,82.51000213623047,51.75,436.5,,,,
2005-03-01,,,,,,,,,,,,,2.63,193.1,6448.3,4.5
2005-03-31,,27.86910057067871,43.61000061035156,8.266501426696777,6.204599857330322,1.2966973781585693,107.13999938964844,1.889501929283142,1.2095999717712402,84.05999755859375,55.400001525878906,428.70001220703125,,,,
2005-04-01,,,,,,,,,,,,,2.79,193.7,6461.8,4.34
2005-04-30,,27.775999069213867,43.380001068115234,8.266501426696777,6.056300163269043,1.287597894668579,104.6500015258789,1.9094902276992798,1.2577999830245972,84.43000030517578,49.720001220703125,435.0,,,,
2005-05-01,,,,,,,,,,,,,3.0,193.6,6479.0,4.14
2005-05-31,,28.236000061035156,43.619998931884766,8.266501426696777,6.79010009765625,1.2307995557785034,108.4000015258789,1.8176862001419067,1.2537000179290771,87.76000213623047,51.970001220703125,416.29998779296875,,,,
2005-06-01,,,,,,,,,,,,,3.04,193.7,6511.7,4.0
2005-06-30,,28.627500534057617,43.459999084472656,8.266501426696777,6.652599811553955,1.2091021537780762,110.86000061035156,1.7902858257293701,1.2246999740600586,89.11000061035156,56.5,435.8999938964844,,,,
2005-07-01,,,,,,,,,,,,,3.26,194.9,6543.5,4.18
2005-07-31,,28.611000061035156,43.349998474121094,8.095600128173828,6.545000076293945,1.2124004364013672,112.44000244140625,1.7582108974456787,1.2077000141143799,89.3499984741211,60.56999969482422,429.8999938964844,,,,
2005-08-01,,,,,,,,,,,,,3.5,196.1,6576.3,4.26
2005-08-31,,28.670000076293945,43.97999954223633,8.089799880981445,6.360000133514404,1.234095573425293,110.6500015258789,1.8033939599990845,1.188599944114685,87.58000183105469,68.94000244140625,433.79998779296875,,,,
2005-09-01,,,,,,,,,,,,,3.62,198.8,6610.1,4.2
2005-09-30,,28.488000869750977,43.93000030517578,8.076800346374512,6.3354997634887695,1.2028049230575562,113.45999908447266,1.7646021842956543,1.1627999544143677,89.5199966430664,66.23999786376953,469.0,,,,
2005-10-01,,,,,,,,,,,,,3.78,199.1,6643.9,4.46
2005-10-31,,28.452800750732422,45.040000915527344,8.073200225830078,6.698999881744385,1.1988970041275024,116.44000244140625,1.7687844038009644,1.1821000576019287,90.06999969482422,59.7599983215332,465.1000061035156,,,,
2005-11-01,,,,,,,,,,,,,4.0,198.1,6660.7,4.54
2005-11-30,,28.873699188232422,45.86000061035156,8.075599670410156,6.447500228881836,1.1804981231689453,119.72000122070312,1.7309123277664185,1.166100025177002,91.56999969482422,57.31999969482422,494.6000061035156,,,,
2005-12-01,,,,,,,,,,,,,4.16,198.1,6687.8,4.47
2005-12-31,,28.73900032043457,44.970001220703125,8.06820011138916,6.320000171661377,1.184104561805725,117.9800033569336,1.7206965684890747,1.1615999937057495,91.16999816894531,61.040000915527344,517.0999755859375,,,,
2006-01-01,,,,,,,,,,,,,4.29,199.3,6730.1,4.42
2006-01-31,,28.873699188232422,43.900001525878906,8.062000274658203,6.045199871063232,1.2148454189300537,117.30999755859375,1.7785998582839966,1.138700008392334,88.95999908447266,67.91999816894531,570.7999877929688,,,,
2006-02-01,,,,,,,,,,,,,4.49,199.4,6754.7,4.57
2006-02-28,,,44.25,8.0378999710083,6.150000095367432,1.1930042505264282,115.79000091552734,1.7542012929916382,1.1368999481201172,90.11000061035156,61.40999984741211,561.5999755859375,,,,
2006-03-01,,,,,,,,,,,,,4.59,199.7,6769.3,4.72
2006-03-31,2.1672000885009766,,44.52799987792969,8.007499694824219,6.161499977111816,1.2115044593811035,117.76000213623047,1.7377101182937622,1.1674000024795532,89.7300033569336,66.62999725341797,581.7999877929688,,,,
2006-04-01,,,,,,,,,,,,,4.79,200.7,6806.9,4.99
2006-04-30,2.0936999320983887,,44.9010009765625,8.003899574279785,5.991799831390381,1.2635995149612427,113.81999969482422,1.8259837627410889,1.1166000366210938,86.11000061035156,71.87999725341797,651.7999877929688,,,,
2006-05-01,,,,,,,,,,,,,4.94,201.3,6813.7,5.11
2006-05-31,2.2971999645233154,27.006000518798828,46.15999984741211,8.013999938964844,6.7210001945495605,1.2816076278686523,112.52999877929688,1.8716076612472534,1.1009000539779663,84.72000122070312,71.29000091552734,642.5,,,,
2006-06-01,,,,,,,,,,,,,4.99,201.8,6851.8,5.11
2006-06-30,2.1614999771118164,26.851999282836914,45.80500030517578,7.982500076293945,7.113800048828125,1.2782983779907227,114.48999786376953,1.8490097522735596,1.1146999597549438,85.22000122070312,73.9800033569336,613.5,,,,
2006-07-01,,,,,,,,,,,,,5.24,202.9,6893.6,5.09
2006-07-31,2.171999931335449,26.79800033569336,46.41999816894531,7.960000038146973,6.933199882507324,1.277400255203247,114.51000213623047,1.8682161569595337,1.1305999755859375,85.30000305175781,74.4000015258789,634.2000122070312,,,,
2006-08-01,,,,,,,,,,,,,5.25,203.8,6925.1,4.88
2006-08-31,2.134000062942505,26.75200080871582,46.47600173950195,7.944900035858154,7.1930999755859375,1.2809016704559326,117.36000061035156,1.9030944108963013,1.1043000221252441,85.05000305175781,70.26000213623047,625.9000244140625,,,,
2006-09-01,,,,,,,,,,,,,5.25,202.8,6952.4,4.72
2006-09-30,2.162899971008301,26.791000366210938,45.71500015258789,7.897299766540527,7.69379997253418,1.2662074565887451,117.95999908447266,1.8717128038406372,1.1168999671936035,85.97000122070312,62.90999984741211,598.5999755859375,,,,
2006-10-01,,,,,,,,,,,,,5.25,201.9,7001.7,4.73
2006-10-31,2.132999897003174,26.704999923706055,44.834999084472656,7.86899995803833,7.361800193786621,1.2766989469528198,116.79000091552734,1.9082876443862915,1.1217000484466553,85.31999969482422,58.72999954223633,604.0999755859375,,,,
2006-11-01,,,,,,,,,,,,,5.25,202.0,7037.2,4.6
2006-11-30,2.1659998893737793,26.25,44.55099868774414,7.823299884796143,7.121300220489502,1.325100064277649,115.68000030517578,1.9664137363433838,1.141700029373169,82.91999816894531,63.130001068115234,646.9000244140625,,,,
2006-12-01,,,,,,,,,,,,,5.24,203.1,7080.1,4.56
2006-12-31,2.13100004196167,26.31999969482422,44.040000915527344,7.797500133514404,6.998799800872803,1.3198009729385376,118.9800033569336,1.9592092037200928,1.1647000312805176,83.72000122070312,61.04999923706055,635.2000122070312,,,,
2007-01-01,,,,,,,,,,,,,5.25,203.437,7118.3,4.76
2007-01-31,2.120300054550171,26.476999282836914,44.005001068115234,7.764800071716309,7.201300144195557,1.3023037910461426,120.73999786376953,1.9634021520614624,1.1751999855041504,84.61000061035156,58.13999938964844,652.0,,,,
2007-02-01,,,,,,,,,,,,,5.26,204.226,7134.3,4.72
2007-02-28,2.115999937057495,26.11400032043457,44.01599884033203,7.728000164031982,7.226799964904785,1.322891354560852,118.7300033569336,1.9640191793441772,1.1700999736785889,83.56999969482422,61.790000915527344,669.4000244140625,,,,
2007-03-01,,,,,,,,,,,,,5.26,205.288,7168.2,4.56
2007-03-31,2.055000066757202,25.985000610351562,43.04499816894531,7.720799922943115,7.240699768066406,1.3358982801437378,117.80999755859375,1.9525147676467896,1.1542999744415283,82.93000030517578,65.87000274658203,663.0,,,,
2007-04-01,,,,,,,,,,,,,5.25,205.904,7240.7,4.69
2007-04-30,2.027899980545044,25.687999725341797,40.96900177001953,7.695499897003174,7.052299976348877,1.3652063608169556,119.36000061035156,2.0,1.1095999479293823,81.44999694824219,65.70999908447266,680.5,,,,
2007-05-01,,,,,,,,,,,,,5.25,206.755,7254.6,4.75
2007-05-31,1.919100046157837,25.864999771118164,40.54600143432617,7.637499809265137,7.10830020904541,1.3456052541732788,121.75,1.9798059463500977,1.070099949836731,82.30000305175781,64.01000213623047,661.0,,,,
2007-06-01,,,,,,,,,,,,,5.25,207.234,7287.8,5.1
2007-06-30,1.9276000261306763,25.71299934387207,40.529998779296875,7.603499889373779,7.0467000007629395,1.3536012172698975,123.16000366210938,2.008314371109009,1.0644999742507935,81.91999816894531,70.68000030517578,648.0999755859375,,,,
2007-07-01,,,,,,,,,,,,,5.26,207.603,7318.7,5.0
2007-07-31,1.8654999732971191,25.573999404907227,40.39799880981445,7.5625,7.145899772644043,1.3672035932540894,118.41999816894531,2.029385566711426,1.0667999982833862,80.7699966430664,78.20999908447266,666.9000244140625,,,,
2007-08-01,,,,,,,,,,,,,5.02,207.667,7394.8,4.67
2007-08-31,1.9631999731063843,25.650999069213867,40.57500076293945,7.534999847412109,7.124300003051758,1.3642005920410156,115.7699966430664,2.017186403274536,1.0561000108718872,80.79000091552734,74.04000091552734,673.0,,,,
2007-09-01,,,,,,,,,,,,,4.94,208.547,7413.0,4.52
2007-09-30,1.8339999914169312,24.854000091552734,39.57500076293945,7.495999813079834,6.872300148010254,1.4264928102493286,114.73999786376953,2.046203374862671,0.9958000183105469,77.72000122070312,81.66000366210938,742.7999877929688,,,,
2007-10-01,,,,,,,,,,,,,4.76,209.19,7428.1,4.53
2007-10-31,1.736199975013733,24.65999984741211,39.17399978637695,7.46150016784668,6.494900226593018,1.4471989870071411,115.38999938964844,2.079780340194702,0.9466999769210815,76.4800033569336,94.52999877929688,792.0,,,,
2007-11-01,,,,,,,,,,,,,4.49,210.834,7453.6,4.15
2007-11-30,1.7759000062942505,24.510000228881836,39.45500183105469,7.388000011444092,6.789999961853027,1.469594120979309,111.76000213623047,2.0566821098327637,1.0003999471664429,76.1500015258789,88.70999908447266,782.2000122070312,,,,
2007-12-01,,,,,,,,,,,,,4.24,211.445,7483.9,4.1
2007-12-31,1.767300009727478,24.565000534057617,39.244998931884766,7.294099807739258,6.799499988555908,1.4601097106933594,111.6500015258789,1.9866102933883667,0.9976000189781189,76.69999694824219,95.9800033569336,834.9000244140625,,,,
2008-01-01,,,,,,,,,,,,,3.94,212.174,7517.5,3.74
2008-01-31,1.752500057220459,24.43000030517578,39.31399917602539,7.172999858856201,7.4496002197265625,1.4865025281906128,106.2509994506836,1.9906044006347656,1.0012999773025513,75.18000030517578,91.75,922.7000122070312,,,,
2008-02-01,,,,,,,,,,,,,2.98,212.687,7604.0,3.74
2008-02-29,1.6785000562667847,24.01099967956543,39.90999984741211,7.101900100708008,7.807000160217285,1.519202709197998,103.7699966430664,1.9866102933883667,0.9869999885559082,73.70999908447266,101.83999633789062,972.0999755859375,,,,
2008-03-01,,,,,,,,,,,,,2.61,213.448,7670.0,3.51
2008-03-31,1.7395000457763672,23.52400016784668,39.888999938964844,7.002399921417236,8.109999656677246,1.5757957696914673,99.8499984741211,1.9842058420181274,1.0253000259399414,71.80000305175781,101.58000183105469,916.2000122070312,,,,
2008-04-01,,,,,,,,,,,,,2.28,213.942,7712.5,3.68
2008-04-30,1.6582000255584717,23.6299991607666,40.38600158691406,6.978499889373779,7.545000076293945,1.5622069835662842,103.94300079345703,1.9877949953079224,1.0080000162124634,72.51000213623047,113.45999908447266,862.7999877929688,,,,
2008-05-01,,,,,,,,,,,,,1.98,215.208,7725.2,3.88
2008-05-31,1.622499942779541,23.684999465942383,42.53099822998047,6.932499885559082,7.574999809265137,1.5540982484817505,105.5,1.982789397239685,0.993399977684021,72.87999725341797,127.3499984741211,887.2999877929688,,,,
2008-06-01,,,,,,,,,,,,,2.0,217.463,7743.9,4.1
2008-06-30,1.590999960899353,23.44700050354004,42.85200119018555,6.844399929046631,7.829999923706055,1.57500159740448,106.12000274658203,1.992984652519226,1.0192999839782715,72.45999908447266,140.0,926.2000122070312,,,,
2008-07-01,,,,,,,,,,,,,2.01,219.016,7791.2,4.01
2008-07-31,1.5618000030517578,23.434999465942383,42.433998107910156,6.821499824523926,7.319799900054932,1.5593082904815674,107.80999755859375,1.9831039905548096,1.0232000350952148,73.2300033569336,124.08000183105469,913.9000244140625,,,,
2008-08-01,,,,,,,,,,,,,2.0,218.69,7805.8,3.89
2008-08-31,1.6306999921798706,24.643999099731445,43.625,6.825200080871582,7.695000171661377,1.4670931100845337,108.79000091552734,1.8217922449111938,1.0678000450134277,77.37999725341797,115.45999908447266,829.2999877929688,,,,
2008-09-01,,,,,,,,,,,,,1.81,218.877,7872.4,3.69
2008-09-30,1.9220000505447388,25.638999938964844,46.60100173950195,6.835100173950195,8.269000053405762,1.409641981124878,106.06999969482422,1.7820864915847778,1.0633000135421753,79.44999694824219,100.63999938964844,874.2000122070312,,,,
2008-10-01,,,,,,,,,,,,,0.97,216.995,7974.9,3.81
2008-10-31,2.0969998836517334,27.076000213623047,49.40299987792969,6.829500198364258,9.760000228881836,1.2701960802078247,98.44000244140625,1.607303500175476,1.205199956893921,85.62999725341797,67.80999755859375,716.7999877929688,,,,
2008-11-01,,,,,,,,,,,,,0.39,213.153,8027.0,3.53
2008-11-30,2.256700038909912,27.90999984741211,49.869998931884766,6.815899848937988,9.952400207519531,1.269792914390564,95.5,1.5385088920593262,1.2355999946594238,86.5199966430664,54.43000030517578,816.2000122070312,,,,
2008-12-01,,,,,,,,,,,,,0.16,211.398,8204.7,2.42
2008-12-31,2.3239998817443848,30.524999618530273,48.064998626708984,6.813300132751465,9.348899841308594,1.3979953527450562,90.6500015258789,1.4656095504760742,1.21589994430542,81.30999755859375,44.599998474121094,883.5999755859375,,,,
2009-01-01,,,,,,,,,,,,,0.15,211.933,8289.0,2.52
2009-01-31,2.263000011444092,35.60499954223633,48.733001708984375,6.829699993133545,10.154999732971191,1.2836971282958984,89.9000015258789,1.456303596496582,1.2266000509262085,86.0,41.68000030517578,927.2999877929688,,,,
2009-02-01,,,,,,,,,,,,,0.22,212.705,8319.3,2.87
2009-02-28,2.36899995803833,35.808998107910156,50.650001525878906,6.82889986038208,10.057000160217285,1.2678931951522827,97.62000274658203,1.4272053241729736,1.2747999429702759,88.01000213623047,44.7599983215332,941.5,,,,
2009-03-01,,,,,,,,,,,,,0.18,212.495,8386.4,2.82
2009-03-31,2.306999921798706,33.827999114990234,50.784000396728516,6.826300144195557,9.524999618530273,1.3246963024139404,98.97000122070312,1.434493899345398,1.2619999647140503,85.43000030517578,49.65999984741211,922.5999755859375,,,,
2009-04-01,,,,,,,,,,,,,0.15,212.709,8391.1,2.93
2009-04-30,2.1689000129699707,32.98400115966797,49.1879997253418,6.809500217437744,8.447799682617188,1.323521614074707,98.69000244140625,1.4788086414337158,1.1937999725341797,84.61000061035156,51.119998931884766,890.7000122070312,,,,
2009-05-01,,,,,,,,,,,,,0.18,213.022,8449.2,3.29
2009-05-31,1.9652999639511108,30.718000411987305,46.96900177001953,6.818299770355225,7.927000045776367,1.4157087802886963,95.43000030517578,1.6186991930007935,1.090999960899353,80.43000030517578,66.30999755859375,978.7999877929688,,,,
2009-06-01,,,,,,,,,,,,,0.21,214.79,8459.3,3.72
2009-06-30,1.9628000259399414,31.073999404907227,47.80099868774414,6.820499897003174,7.717400074005127,1.4038830995559692,96.33100128173828,1.6466867923736572,1.1620999574661255,80.12999725341797,69.88999938964844,927.0999755859375,,,,
2009-07-01,,,,,,,,,,,,,0.16,214.726,8463.5,3.56
2009-07-31,1.8633999824523926,31.540000915527344,47.625999450683594,6.8221001625061035,7.767000198364258,1.4260046482086182,94.63999938964844,1.670508861541748,1.0785000324249268,78.3499984741211,69.44999694824219,953.7000122070312,,,,
2009-08-01,,,,,,,,,,,,,0.16,215.445,8463.0,3.59
2009-08-31,1.8739999532699585,32.404300689697266,48.75,6.821199893951416,7.766300201416016,1.434267520904541,92.87000274658203,1.629195213317871,1.093999981880188,78.16999816894531,69.95999908447266,951.7000122070312,,,,
2009-09-01,,,,,,,,,,,,,0.15,215.861,8461.6,3.4
2009-09-30,1.7720999717712402,30.047700881958008,47.810001373291016,6.816400051116943,7.507900238037109,1.465502142906189,89.87000274658203,1.6002048254013062,1.06850004196167,76.6500015258789,70.61000061035156,1008.0,,,,
2009-10-01,,,,,,,,,,,,,0.12,216.509,8487.9,3.39
2009-10-31,1.7023999691009521,29.184999465942383,46.917999267578125,6.817500114440918,7.831500053405762,1.4732965230941772,90.08999633789062,1.6447908878326416,1.0845999717712402,76.30000305175781,77.0,1039.699951171875,,,,
2009-11-01,,,,,,,,,,,,,0.12,217.234,8517.0,3.4
2009-11-30,1.7476999759674072,29.219999313354492,46.45800018310547,6.817200183868408,7.3979997634887695,1.5038950443267822,86.25,1.6457926034927368,1.0537999868392944,74.87999725341797,77.27999877929688,1181.0999755859375,,,,
2009-12-01,,,,,,,,,,,,,0.12,217.347,8512.2,3.59
2009-12-31,1.7430000305175781,29.99519920349121,46.400001525878906,6.83050012588501,7.399600028991699,1.4327058792114258,92.91000366210938,1.6182016134262085,1.0521999597549438,77.86000061035156,79.36000061035156,1095.199951171875,,,,
2010-01-01,,,,,,,,,,,,,0.11,217.488,8477.7,3.73
2010-01-31,1.8729000091552734,30.349599838256836,46.097999572753906,6.81689977645874,7.617000102996826,1.3866932392120361,90.2699966430664,1.5984909534454346,1.0700000524520874,79.45999908447266,72.88999938964844,1083.0,,,,
2010-02-01,,,,,,,,,,,,,0.13,217.281,8527.3,3.69
2010-02-28,1.805999994277954,29.92449951171875,45.900001525878906,6.816699981689453,7.715400218963623,1.3631035089492798,88.9209976196289,1.523902416229248,1.0514999628067017,80.36000061035156,79.66000366210938,1118.300048828125,,,,
2010-03-01,,,,,,,,,,,,,0.16,217.353,8523.5,3.73
2010-03-31,1.780500054359436,29.423500061035156,44.79999923706055,6.815899848937988,7.289599895477295,1.3508037328720093,93.5199966430664,1.5183724164962769,1.0155999660491943,81.06999969482422,83.76000213623047,1113.300048828125,,,,
2010-04-01,,,,,,,,,,,,,0.2,217.403,8554.8,3.85
2010-04-30,1.728700041770935,29.204999923706055,44.25,6.815999984741211,7.380000114440918,1.3298048973083496,93.83000183105469,1.5300110578536987,1.0180000066757202,81.87000274658203,86.1500015258789,1180.0999755859375,,,,
2010-05-01,,,,,,,,,,,,,0.2,217.29,8609.0,3.42
2010-05-31,1.8143999576568604,30.885000228881836,46.358001708984375,6.8180999755859375,7.656799793243408,1.2287880182266235,91.19000244140625,1.4522007703781128,1.0430999994277954,86.4800033569336,73.97000122070312,1212.199951171875,,,,
2010-06-01,,,,,,,,,,,,,0.18,217.199,8628.1,3.2
2010-06-30,1.7908999919891357,31.25149917602539,46.400001525878906,6.771999835968018,7.667699813842773,1.223002314567566,88.43000030517578,1.4944332838058472,1.062600016593933,86.0199966430664,75.62999725341797,1245.5,,,,
2010-07-01,,,,,,,,,,,,,0.18,217.605,8639.5,3.01
2010-07-31,1.7584999799728394,30.274999618530273,46.36000061035156,6.765200138092041,7.287700176239014,1.3039000034332275,86.44000244140625,1.5687997341156006,1.0291999578475952,81.54000091552734,78.94999694824219,1181.699951171875,,,,
2010-08-01,,,,,,,,,,,,,0.19,217.923,8687.9,2.7
2010-08-31,1.7549999952316284,30.652000427246094,46.87300109863281,6.793300151824951,7.3354997634887695,1.266592264175415,84.53199768066406,1.54659903049469,1.0599900484085083,83.19999694824219,71.91999816894531,1248.300048828125,,,,
2010-09-01,,,,,,,,,,,,,0.19,218.275,8718.7,2.65
2010-09-30,1.7035000324249268,30.39699935913086,44.689998626708984,6.678400039672852,6.953999996185303,1.3628062009811401,83.76599884033203,1.57957923412323,1.0318000316619873,78.72000122070312,79.97000122070312,1307.800048828125,,,,
2010-10-01,,,,,,,,,,,,,0.19,219.035,8768.4,2.54
2010-10-31,1.7135000228881836,30.65999984741211,44.41999816894531,6.676499843597412,7.064000129699707,1.377808928489685,81.67900085449219,1.5774115324020386,1.0280400514602661,77.2699966430664,81.43000030517578,1357.0999755859375,,,,
2010-11-01,,,,,,,,,,,,,0.19,219.59,8789.0,2.76
2010-11-30,1.7170000076293945,31.33919906616211,45.79999923706055,6.6504998207092285,7.1203999519348145,1.3103927373886108,84.25399780273438,1.5556211471557617,1.0192999839782715,81.19999694824219,84.11000061035156,1385.0,,,,
2010-12-01,,,,,,,,,,,,,0.18,220.472,8823.2,3.29
2010-12-31,1.6619999408721924,30.55229949951172,44.810001373291016,6.612400054931641,6.622399806976318,1.3301233053207397,81.4800033569336,1.5437101125717163,0.9995999932289124,79.02999877929688,91.37999725341797,1421.0999755859375,,,,
2011-01-01,,,,,,,,,,,,,0.17,221.187,8849.0,3.39
2011-01-31,1.6342999935150146,29.678199768066406,45.8380012512207,6.572500228881836,7.160900115966797,1.3572757244110107,82.08899688720703,1.5829297304153442,1.0023000240325928,77.73999786376953,92.19000244140625,1333.800048828125,,,,
2011-02-01,,,,,,,,,,,,,0.16,221.898,8913.3,3.58
2011-02-28,1.659999966621399,28.924999237060547,45.25,6.563000202178955,6.9899001121521,1.373437762260437,81.62200164794922,1.610046625137329,0.9775999784469604,76.88999938964844,96.97000122070312,1409.300048828125,,,,
2011-03-01,,,,,,,,,,,,,0.14,223.046,8971.5,3.41
2011-03-31,1.628499984741211,28.517000198364258,44.61000061035156,6.548600196838379,6.822000026702881,1.4121301174163818,83.1500015258789,1.6074068546295166,0.9714999794960022,75.86000061035156,106.72000122070312,1438.9000244140625,,,,
2011-04-01,,,,,,,,,,,,,0.1,224.093,9035.1,3.46
2011-04-30,1.586300015449524,27.516199111938477,44.29999923706055,6.500999927520752,6.5980000495910645,1.4844063520431519,81.52999877929688,1.665001630783081,0.9502000212669373,72.93000030517578,113.93000030517578,1556.0,,,,
2011-05-01,,,,,,,,,,,,,0.09,224.806,9107.8,3.17
2011-05-31,1.593000054359436,27.998300552368164,45.08300018310547,6.473800182342529,6.923799991607666,1.4322338104248047,80.87999725341797,1.6487774848937988,0.9766600131988525,74.63999938964844,102.69999694824219,1535.9000244140625,,,,
2011-06-01,,,,,,,,,,,,,0.09,224.806,9182.1,3.0
2011-06-30,1.569700002670288,27.96769905090332,44.7599983215332,6.4629998207092285,6.7779998779296875,1.4478904008865356,80.70999908447266,1.6075878143310547,0.9674000144004822,74.30000305175781,95.41999816894531,1502.300048828125,,,,
2011-07-01,,,,,,,,,,,,,0.07,225.395,9344.2,3.0
2011-07-31,1.5628000497817993,27.545299530029297,44.0099983215332,6.442999839782715,6.714399814605713,1.4331985712051392,77.7300033569336,1.6368486881256104,0.9495999813079834,73.9000015258789,95.69999694824219,1628.300048828125,,,,
2011-08-01,,,,,,,,,,,,,0.1,226.106,9531.0,2.3
2011-08-31,1.5865000486373901,28.842899322509766,45.939998626708984,6.380300045013428,7.070000171661377,1.4433138370513916,76.70099639892578,1.6307626962661743,0.978600025177002,74.12999725341797,88.80999755859375,1828.5,,,,
2011-09-01,,,,,,,,,,,,,0.08,226.597,9551.5,1.98
2011-09-30,1.8277000188827515,31.972700119018555,48.86000061035156,6.387499809265137,7.9770002365112305,1.3585848808288574,76.76499938964844,1.5599408149719238,1.0372999906539917,78.55000305175781,79.19999694824219,1620.4000244140625,,,,
2011-10-01,,,,,,,,,,,,,0.07,226.75,9584.4,2.15
2011-10-31,1.6871000528335571,29.6825008392334,48.62799835205078,6.348800182342529,7.704999923706055,1.4140071868896484,75.73999786376953,1.6111880540847778,0.9937000274658203,76.16999816894531,93.19000244140625,1724.199951171875,,,,
2011-11-01,,,,,,,,,,,,,0.08,227.169,9636.5,2.01
2011-11-30,1.8415000438690186,30.791000366210938,51.90299987792969,6.365099906921387,8.312999725341797,1.3324095010757446,77.95999908447266,1.5597946643829346,1.0321199893951416,78.38999938964844,100.36000061035156,1745.5,,,,
2011-12-01,,,,,,,,,,,,,0.07,227.223,9683.9,1.98
2011-12-31,1.8652000427246094,31.96419906616211,53.0,6.309000015258789,8.154000282287598,1.2956053018569946,77.65899658203125,1.5415922403335571,1.020300030708313,80.16999816894531,98.83000183105469,1565.800048828125,,,,
2012-01-01,,,,,,,,,,,,,0.08,227.842,9757.6,1.97
2012-01-31,1.7462999820709229,30.350000381469727,52.49300003051758,6.313600063323975,7.828199863433838,1.3139568567276,76.36000061035156,1.570845127105713,1.0024000406265259,79.27999877929688,98.4800033569336,1737.800048828125,,,,
2012-02-01,,,,,,,,,,,,,0.1,228.329,9809.8,1.97
2012-02-29,1.697700023651123,28.998199462890625,49.06800079345703,6.298399925231934,7.481299877166748,1.3477997779846191,80.4800033569336,1.5922045707702637,0.9937000274658203,78.7300033569336,107.06999969482422,1709.9000244140625,,,,
2012-03-01,,,,,,,,,,,,,0.13,228.807,9853.9,2.17
2012-03-31,1.8207999467849731,29.40920066833496,51.3380012512207,6.306000232696533,7.710000038146973,1.3313806056976318,82.27300262451172,1.595914363861084,0.996399998664856,78.93000030517578,103.0199966430664,1669.300048828125,,,,
2012-04-01,,,,,,,,,,,,,0.14,229.187,9907.7,2.05
2012-04-30,1.8860000371932983,29.270200729370117,52.53799819946289,6.304200172424316,7.744500160217285,1.3241524696350098,80.3499984741211,1.6281341314315796,0.98089998960495,78.79000091552734,104.87000274658203,1663.4000244140625,,,,
2012-05-01,,,,,,,,,,,,,0.16,228.713,9951.4,1.8
2012-05-31,2.014899969100952,32.76620101928711,56.22800064086914,6.3506999015808105,8.532500267028809,1.2374706268310547,78.98200225830078,1.5482993125915527,1.0300999879837036,83.04000091552734,86.52999877929688,1562.5999755859375,,,,
2012-06-01,,,,,,,,,,,,,0.16,228.524,10021.6,1.62
2012-06-30,2.0768001079559326,33.12590026855469,56.79800033569336,6.357399940490723,8.3927001953125,1.2440905570983887,79.31300354003906,1.5518311262130737,1.033400058746338,81.6500015258789,84.95999908447266,1603.5,,,,
2012-07-01,,,,,,,,,,,,,0.16,228.59,10074.5,1.53
2012-07-31,2.040299892425537,32.158199310302734,55.42300033569336,6.3796000480651855,8.1875,1.2259409427642822,78.10099792480469,1.5713387727737427,1.0013500452041626,82.63999938964844,88.05999755859375,1610.5,,,,
2012-08-01,,,,,,,,,,,,,0.13,229.918,10145.6,1.68
2012-08-31,2.0455000400543213,32.537200927734375,55.62799835205078,6.350200176239014,8.493599891662598,1.2510946989059448,78.52999877929688,1.5790305137634277,0.9926000237464905,81.25,96.47000122070312,1684.5999755859375,,,,
2012-09-01,,,,,,,,,,,,,0.14,231.015,10226.1,1.72
2012-09-30,2.0269999504089355,30.89929962158203,53.007999420166016,6.3024001121521,8.226200103759766,1.2913223505020142,77.61000061035156,1.6232975721359253,0.9807000160217285,79.94000244140625,92.19000244140625,1771.0999755859375,,,,
2012-10-01,,,,,,,,,,,,,0.16,231.638,10292.4,1.75
2012-10-31,2.0290000438690186,31.338600158691406,53.95800018310547,6.2418999671936035,8.633199691772461,1.2962603569030762,79.68399810791016,1.6074585914611816,0.9995099902153015,79.91999816894531,86.23999786376953,1717.5,,,,
2012-11-01,,,,,,,,,,,,,0.16,231.249,10361.9,1.65
2012-11-30,2.095599889755249,30.86520004272461,54.8380012512207,6.231400012969971,8.777099609375,1.2973533868789673,82.1510009765625,1.6041065454483032,0.9929999709129333,80.1500015258789,88.91000366210938,1710.9000244140625,,,,
2012-12-01,,,,,,,,,,,,,0.16,231.221,10484.1,1.72
2012-12-31,2.045099973678589,30.440200805664062,54.75299835205078,6.234799861907959,8.47089958190918,1.3227688074111938,85.95999908447266,1.616292119026184,0.9944000244140625,79.7699966430664,91.81999969482422,1674.800048828125,,,,
2013-01-01,,,,,,,,,,,,,0.14,231.679,10508.1,1.91
2013-01-31,1.9882999658584595,30.031999588012695,53.303001403808594,6.2195000648498535,9.018699645996094,1.3568336963653564,91.02100372314453,1.579778790473938,1.0022000074386597,79.20999908447266,97.48999786376953,1660.5999755859375,,,,
2013-02-01,,,,,,,,,,,,,0.15,232.937,10527.5,1.98
2013-02-28,1.9744000434875488,30.441999435424805,53.858001708984375,6.226200103759766,8.83191967010498,1.3150973320007324,92.3030014038086,1.5167601108551025,1.0234500169754028,81.9800033569336,92.05000305175781,1577.699951171875,,,,
2013-03-01,,,,,,,,,,,,,0.14,232.282,10583.8,1.96
2013-03-31,2.019200086593628,31.052799224853516,54.38800048828125,6.212600231170654,9.22776985168457,1.2815911769866943,94.19000244140625,1.5197569131851196,1.0159000158309937,82.98999786376953,97.2300033569336,1594.800048828125,,,,
2013-04-01,,,,,,,,,,,,,0.15,231.797,10611.3,1.76
2013-04-30,2.00570011138916,30.930200576782227,54.22800064086914,6.165200233459473,8.982199668884277,1.3095861673355103,97.86399841308594,1.549426794052124,1.0117000341415405,81.7300033569336,93.45999908447266,1472.199951171875,,,,
2013-05-01,,,,,,,,,,,,,0.11,231.893,10646.1,1.93
2013-05-31,2.1077001094818115,31.656400680541992,56.37799835205078,6.1209001541137695,10.022600173950195,1.3043931722640991,101.0999984741211,1.5229045152664185,1.0302000045776367,83.37999725341797,91.97000122070312,1392.5999755859375,,,,
2013-06-01,,,,,,,,,,,,,0.09,232.445,10703.3,2.3
2013-06-30,2.1958999633789062,32.79069900512695,60.1879997253418,6.2297749519348145,9.931929588317871,1.3035939931869507,98.47599792480469,1.5258322954177856,1.0477999448776245,83.16999816894531,96.55999755859375,1223.800048828125,,,,
2013-07-01,,,,,,,,,,,,,0.09,232.9,10742.8,2.58
2013-07-31,2.279400110244751,32.924198150634766,60.80799865722656,6.121699810028076,9.793720245361328,1.3264886140823364,98.01599884033203,1.5242043733596802,1.0301200151443481,81.44999694824219,105.02999877929688,1312.4000244140625,,,,
2013-08-01,,,,,,,,,,,,,0.08,233.456,10801.2,2.74
2013-08-31,2.356100082397461,33.2041015625,67.38999938964844,6.110499858856201,10.331700325012207,1.3236267566680908,98.29199981689453,1.550652027130127,1.0539000034332275,82.08999633789062,107.6500015258789,1396.0999755859375,,,,
2013-09-01,,,,,,,,,,,,,0.08,233.544,10862.0,2.81
2013-09-30,2.2227001190185547,32.342098236083984,62.90999984741211,6.109899997711182,10.119500160217285,1.349545955657959,97.8270034790039,1.6168932914733887,1.0312000513076782,80.22000122070312,102.33000183105469,1326.5,,,,
2013-10-01,,,,,,,,,,,,,0.09,233.669,10986.3,2.62
2013-10-31,2.1810998916625977,31.956100463867188,61.31999969482422,6.083799839019775,9.938799858093262,1.3724011182785034,98.50700378417969,1.602615475654602,1.0477999448776245,80.19999694824219,96.37999725341797,1323.5999755859375,,,,
2013-11-01,,,,,,,,,,,,,0.08,234.1,10995.6,2.72
2013-11-30,2.3148999214172363,33.11920166015625,62.41299819946289,6.082399845123291,10.192299842834473,1.360396146774292,102.29199981689453,1.6340937614440918,1.058500051498413,80.68000030517578,92.72000122070312,1250.5999755859375,,,,
2013-12-01,,,,,,,,,,,,,0.09,234.719,11060.1,2.9
2013-12-31,2.359299898147583,32.68320083618164,61.779998779296875,6.051799774169922,10.415730476379395,1.3810056447982788,104.93399810791016,1.6495118141174316,1.0644999742507935,80.04000091552734,98.41999816894531,1201.9000244140625,,,,
2014-01-01,,,,,,,,,,,,,0.07,235.288,11130.8,2.86
2014-01-31,2.408799886703491,34.90330123901367,62.310001373291016,6.051000118255615,11.178739547729492,1.3558770418167114,102.75800323486328,1.6498383283615112,1.11558997631073,81.2699966430664,97.48999786376953,1240.0999755859375,,,,
2014-02-01,,,,,,,,,,,,,0.07,235.547,11196.8,2.71
2014-02-28,2.319000005722046,35.99089813232422,62.02000045776367,6.1184000968933105,10.700599670410156,1.3707455396652222,102.11000061035156,1.6691983938217163,1.1123000383377075,79.77999877929688,102.58999633789062,1321.4000244140625,,,,
2014-03-01,,,,,,,,,,,,,0.08,236.028,11232.6,2.72
2014-03-31,2.2560999393463135,35.55149841308594,59.84000015258789,6.202199935913086,10.589500427246094,1.3752131462097168,102.88899993896484,1.6643919944763184,1.1050000190734863,80.0999984741211,101.58000183105469,1283.4000244140625,,,,
2014-04-01,,,,,,,,,,,,,0.09,236.468,11277.7,2.71
2014-04-30,2.2332000732421875,35.620399475097656,60.417999267578125,6.2480998039245605,10.549699783325195,1.3813681602478027,102.56400299072266,1.6824253797531128,1.0951999425888062,79.48999786376953,99.73999786376953,1295.5999755859375,,,,
2014-05-01,,,,,,,,,,,,,0.09,236.918,11342.8,2.56
2014-05-31,2.223599910736084,34.617698669433594,58.900001525878906,6.228000164031982,10.411999702453613,1.360451579093933,101.72000122070312,1.6724364757537842,1.0837600231170654,80.37000274658203,102.70999908447266,1245.5999755859375,,,,
2014-06-01,,,,,,,,,,,,,0.1,237.231,11398.1,2.6
2014-06-30,2.191800117492676,33.72719955444336,60.03799819946289,6.208499908447266,10.588419914245605,1.3644425868988037,101.44300079345703,1.7034034729003906,1.0665500164031982,79.77999877929688,105.37000274658203,1321.800048828125,,,,
2014-07-01,,,,,,,,,,,,,0.09,237.498,11453.0,2.54
2014-07-31,2.2437000274658203,35.560001373291016,60.25,6.161499977111816,10.672019958496094,1.3396027088165283,102.83999633789062,1.6910173892974854,1.0907000303268433,81.45999908447266,98.16999816894531,1281.300048828125,,,,
2014-08-01,,,,,,,,,,,,,0.09,237.46,11477.3,2.42
2014-08-31,2.2372000217437744,36.618099212646484,60.61000061035156,6.132800102233887,10.620400428771973,1.3184958696365356,103.69599914550781,1.6589525938034058,1.0855000019073486,82.75,95.95999908447266,1285.800048828125,,,,
2014-09-01,,,,,,,,,,,,,0.09,237.477,11519.1,2.53
2014-09-30,2.44350004196167,39.325199127197266,61.553001403808594,6.139999866485596,11.26941967010498,1.269083857536316,109.38999938964844,1.624220371246338,1.1159600019454956,85.94000244140625,91.16000366210938,1210.5,,,,
2014-10-01,,,,,,,,,,,,,0.09,237.43,11593.1,2.3
2014-10-31,2.401599884033203,41.01300048828125,61.43299865722656,6.104499816894531,10.86874008178711,1.2613362073898315,109.21299743652344,1.600102424621582,1.1194000244140625,86.87999725341797,80.54000091552734,1171.0999755859375,,,,
2014-11-01,,,,,,,,,,,,,0.09,236.983,11634.2,2.33
2014-11-30,2.5271999835968018,49.257999420166016,61.85300064086914,6.1290998458862305,10.972299575805664,1.246199131011963,117.83999633789062,1.5724753141403198,1.1339000463485718,88.36000061035156,66.1500015258789,1175.199951171875,,,,
2014-12-01,,,,,,,,,,,,,0.12,236.252,11717.6,2.21
2014-12-31,2.654099941253662,56.560001373291016,63.37799835205078,6.191999912261963,11.557700157165527,1.2162047624588013,119.45800018310547,1.5569047927856445,1.16048002243042,90.2699966430664,53.27000045776367,1183.9000244140625,,,,
2015-01-01,,,,,,,,,,,,,0.11,234.747,11805.2,1.88
2015-01-31,2.6001999378204346,68.73500061035156,61.79600143432617,6.236599922180176,11.541099548339844,1.13355553150177,118.24800109863281,1.5079090595245361,1.261199951171875,94.80000305175781,48.2400016784668,1278.5,,,,
2015-02-01,,,,,,,,,,,,,0.11,235.342,11922.8,1.98
2015-02-28,2.9049999713897705,61.1349983215332,61.75400161743164,6.249499797821045,11.52970027923584,1.1205360889434814,119.37699890136719,1.5418059825897217,1.2503000497817993,95.25,49.7599983215332,1212.5999755859375,,,,
2015-03-01,,,,,,,,,,,,,0.11,235.976,11920.5,2.04
2015-03-31,3.2260000705718994,57.525001525878906,62.50899887084961,6.196499824523926,12.135299682617188,1.0830246210098267,120.01300048828125,1.4809110164642334,1.2673300504684448,98.36000061035156,47.599998474121094,1183.0999755859375,,,,
2015-04-01,,,,,,,,,,,,,0.12,236.222,11954.6,1.94
2015-04-30,2.952699899673462,50.98970031738281,63.44200134277344,6.190199851989746,11.804300308227539,1.1114321947097778,118.97000122070312,1.542686104774475,1.2018400430679321,94.5999984741211,59.630001068115234,1182.4000244140625,,,,
2015-05-01,,,,,,,,,,,,,0.12,237.001,11982.6,2.2
2015-05-31,3.158400058746338,52.529998779296875,63.82500076293945,6.191199779510498,12.127579689025879,1.0960345268249512,123.81999969482422,1.531909704208374,1.2425099611282349,96.91000366210938,60.29999923706055,1189.4000244140625,,,,
2015-06-01,,,,,,,,,,,,,0.13,237.657,12023.2,2.36
2015-06-30,3.115000009536743,55.650699615478516,63.7239990234375,6.198800086975098,12.251489639282227,1.122296690940857,122.66999816894531,1.573192834854126,1.241189956665039,95.48999786376953,59.470001220703125,1171.5,,,,
2015-07-01,,,,,,,,,,,,,0.13,238.034,12067.0,2.32
2015-07-31,3.370800018310547,59.675498962402344,64.11799621582031,6.199699878692627,12.692620277404785,1.0939244031906128,124.07099914550781,1.5604275465011597,1.3005599975585938,97.37000274658203,47.119998931884766,1094.9000244140625,,,,
2015-08-01,,,,,,,,,,,,,0.14,238.033,12112.0,2.17
2015-08-31,3.578700065612793,65.29499816894531,66.14299774169922,6.378499984741211,13.296649932861328,1.1214030981063843,121.28900146484375,1.5418059825897217,1.323799967765808,95.94999694824219,49.20000076293945,1131.5999755859375,,,,
2015-09-01,,,,,,,,,,,,,0.14,237.498,12173.9,2.17
2015-09-30,4.0543999671936035,65.70999908447266,65.91999816894531,6.353600025177002,13.968379974365234,1.1255937814712524,119.86000061035156,1.5157945156097412,1.3418999910354614,96.3499984741211,45.09000015258789,1115.5,,,,
2015-10-01,,,,,,,,,,,,,0.12,237.733,12225.2,2.07
2015-10-31,3.8447000980377197,64.19000244140625,65.44400024414062,6.346700191497803,13.886300086975098,1.0993843078613281,121.0,1.532379150390625,1.3158999681472778,96.94999694824219,46.59000015258789,1141.5,,,,
2015-11-01,,,,,,,,,,,,,0.12,238.017,12317.0,2.26
2015-11-30,3.841399908065796,66.41999816894531,66.9000015258789,6.385000228881836,14.375200271606445,1.0583018064498901,122.83000183105469,1.5038950443267822,1.3366999626159668,100.16999816894531,41.650001525878906,1065.800048828125,,,,
2015-12-01,,,,,,,,,,,,,0.24,237.761,12387.9,2.24
2015-12-31,3.956700086593628,73.2300033569336,66.45500183105469,6.481200218200684,15.534799575805664,1.093398094177246,120.44999694824219,1.481920599937439,1.3871999979019165,98.62999725341797,37.040000915527344,1060.300048828125,,,,
2016-01-01,,,,,,,,,,,,,0.34,237.652,12526.2,2.09
2016-01-31,4.066999912261963,76.55000305175781,68.09300231933594,6.565199851989746,16.16699981689453,1.0936970710754395,118.93000030517578,1.4362038373947144,1.4034299850463867,99.61000061035156,33.619998931884766,1116.4000244140625,,,,
2016-02-01,,,,,,,,,,,,,0.38,237.336,12599.1,1.78
2016-02-29,3.9646999835968018,76.33999633789062,68.7300033569336,6.530399799346924,16.1600399017334,1.0923947095870972,113.66000366210938,1.3861935138702393,1.354699969291687,98.20999908447266,33.75,1233.9000244140625,,,,
2016-03-01,,,,,,,,,,,,,0.36,238.08,12649.6,1.89
2016-03-31,3.596100091934204,67.68000030517578,66.36799621582031,6.455100059509277,14.909500122070312,1.1334655284881592,112.36599731445312,1.4374011754989624,1.297659993171692,94.58999633789062,38.34000015258789,1234.199951171875,,,,
2016-04-01,,,,,,,,,,,,,0.37,238.992,12728.7,1.81
2016-04-30,3.4797000885009766,64.55999755859375,66.43800354003906,6.46589994430542,14.285759925842285,1.135589361190796,108.07599639892578,1.4611338376998901,1.2553000450134277,93.08000183105469,45.91999816894531,1289.199951171875,,,,
2016-05-01,,,,,,,,,,,,,0.37,239.557,12796.3,1.81
2016-05-31,3.5673999786376953,65.66899871826172,67.13300323486328,6.573299884796143,15.803720474243164,1.1148396730422974,110.84100341796875,1.4635074138641357,1.3037999868392944,95.88999938964844,49.099998474121094,1214.800048828125,,,,
2016-06-01,,,,,,,,,,,,,0.38,240.222,12856.9,1.64
2016-06-30,3.237600088119507,63.814998626708984,67.41600036621094,6.626800060272217,14.771249771118164,1.1128050088882446,102.77799987792969,1.3465837240219116,1.293429970741272,96.13999938964844,48.33000183105469,1318.4000244140625,,,,
2016-07-01,,,,,,,,,,,,,0.39,240.101,12911.3,1.5
2016-07-31,3.281899929046631,66.58300018310547,67.00700378417969,6.656099796295166,14.133899688720703,1.108438491821289,104.74500274658203,1.316187858581543,1.3151899576187134,95.52999877929688,41.599998474121094,1349.0,,,,
2016-08-01,,,,,,,,,,,,,0.4,240.545,12995.8,1.56
2016-08-31,3.236799955368042,65.30970001220703,67.12660217285156,6.6803998947143555,14.469499588012695,1.1153244972229004,102.86799621582031,1.3090718984603882,1.3086700439453125,96.0199966430664,44.70000076293945,1306.9000244140625,,,,
2016-09-01,,,,,,,,,,,,,0.4,241.176,13056.7,1.63
2016-09-30,3.2592999935150146,63.08000183105469,66.81629943847656,6.668700218200684,13.918100357055664,1.121956706047058,101.1989974975586,1.2963443994522095,1.315269947052002,95.45999908447266,48.2400016784668,1313.300048828125,,,,
2016-10-01,,,,,,,,,,,,,0.4,241.741,13130.0,1.76
2016-10-31,3.2030999660491943,63.041900634765625,66.78140258789062,6.783400058746338,13.776599884033203,1.0984665155410767,104.56500244140625,1.2215979099273682,1.3401999473571777,98.44999694824219,46.86000061035156,1271.5,,,,
2016-11-01,,,,,,,,,,,,,0.41,242.026,13204.0,2.14
2016-11-30,3.4537999629974365,65.13500213623047,68.60800170898438,6.897299766540527,13.872599601745605,1.0648492574691772,112.47000122070312,1.249219298362732,1.3431199789047241,101.5,49.439998626708984,1170.800048828125,,,,
2016-12-01,,,,,,,,,,,,,0.54,242.637,13248.7,2.49
2016-12-31,3.2523000240325928,60.34130096435547,67.93299865722656,6.945300102233887,13.574299812316895,1.0575296878814697,116.26699829101562,1.2288031578063965,1.3478100299835205,102.38999938964844,53.720001220703125,1150.0,,,,
2017-01-01,,,,,,,,,,,,,0.65,243.618,13324.3,2.43
2017-01-31,3.125499963760376,59.718299865722656,67.82099914550781,6.88070011138916,13.508079528808594,1.0708587169647217,113.6500015258789,1.25,1.310230016708374,99.51000213623047,52.810001373291016,1208.5999755859375,,,,
2017-02-01,,,,,,,,,,,,,0.66,244.006,13391.8,2.42
2017-02-28,3.105299949645996,58.18349838256836,66.69319915771484,6.870100021362305,12.991700172424316,1.0584250688552856,112.74500274658203,1.2439358234405518,1.3186899423599243,101.12000274658203,54.0099983215332,1252.5999755859375,,,,
2017-03-01,,,,,,,,,,,,,0.79,243.892,13452.7,2.48
2017-03-31,3.147700071334839,55.98429870605469,64.79000091552734,6.888999938964844,13.432600021362305,1.0687072277069092,111.7760009765625,1.2478474378585815,1.3332500457763672,100.3499984741211,50.599998474121094,1247.300048828125,,,,
2017-04-01,,,,,,,,,,,,,0.9,244.193,13508.7,2.3
2017-04-30,3.1810998916625977,56.97200012207031,64.05999755859375,6.896900177001953,13.33899974822998,1.0864251852035522,111.22599792480469,1.2893576622009277,1.3627899885177612,99.05000305175781,49.33000183105469,1266.0999755859375,,,,
2017-05-01,,,,,,,,,,,,,0.91,244.004,13561.4,2.3
2017-05-31,3.256200075149536,56.530799865722656,64.61859893798828,6.855800151824951,13.110179901123047,1.117168664932251,110.83899688720703,1.2809016704559326,1.3470200300216675,96.91999816894531,48.31999969482422,1272.0,,,,
2017-06-01,,,,,,,,,,,,,1.04,244.163,13583.3,2.19
2017-06-30,3.3027000427246094,59.41999816894531,64.78510284423828,6.785699844360352,12.986499786376953,1.144164800643921,112.00900268554688,1.3011176586151123,1.2992600202560425,95.66000366210938,46.040000915527344,1240.699951171875,,,,
2017-07-01,,,,,,,,,,,,,1.15,244.243,13640.4,2.32
2017-07-31,3.1777000427246094,59.47919845581055,64.12349700927734,6.738900184631348,12.98900032043457,1.1747292280197144,110.51000213623047,1.3144922256469727,1.2461400032043457,92.86000061035156,50.16999816894531,1266.5999755859375,,,,
2017-08-01,,,,,,,,,,,,,1.16,245.183,13699.8,2.21
2017-08-31,3.158799886703491,58.455101013183594,63.976200103759766,6.595699787139893,13.006500244140625,1.1893434524536133,110.45999908447266,1.2920564413070679,1.2627400159835815,92.66999816894531,47.22999954223633,1316.199951171875,,,,
2017-09-01,,,,,,,,,,,,,1.15,246.435,13748.9,2.2
2017-09-30,3.1809000968933105,57.889801025390625,65.36000061035156,6.664999961853027,13.510100364685059,1.178175449371338,112.46700286865234,1.343021035194397,1.243630051612854,93.08000183105469,51.66999816894531,1281.5,,,,
2017-10-01,,,,,,,,,,,,,1.15,246.626,13808.1,2.36
2017-10-31,3.2873001098632812,57.90019989013672,64.84239959716797,6.642399787902832,14.046099662780762,1.1652703285217285,112.99600219726562,1.3212482929229736,1.2824300527572632,94.55000305175781,54.380001068115234,1267.0,,,,
2017-11-01,,,,,,,,,,,,,1.16,247.284,13841.3,2.35
2017-11-30,3.244800090789795,58.59669876098633,64.41480255126953,6.60830020904541,13.64883041381836,1.18519926071167,112.00199890136719,1.3417235612869263,1.2862000465393066,93.01000213623047,57.400001525878906,1273.199951171875,,,,
2017-12-01,,,,,,,,,,,,,1.3,247.805,13899.7,2.4
2017-12-31,3.3111000061035156,57.56890106201172,64.06199645996094,6.531599998474121,12.395500183105469,1.1941723823547363,112.875,1.344085931777954,1.2565499544143677,92.12000274658203,60.41999816894531,1306.300048828125,,,,
2018-01-01,,,,,,,,,,,,,1.41,248.859,13910.2,2.58
2018-01-31,3.179500102996826,56.31779861450195,63.769901275634766,6.321100234985352,11.961099624633789,1.2409565448760986,108.73200225830078,1.4155884981155396,1.2336100339889526,89.12999725341797,64.7300033569336,1339.0,,,,
2018-02-01,,,,,,,,,,,,,1.42,249.529,13947.2,2.86
2018-02-28,3.248500108718872,56.219200134277344,64.91000366210938,6.316699981689453,11.699299812316895,1.2230321168899536,107.4260025024414,1.3906078338623047,1.277109980583191,90.61000061035156,61.63999938964844,1315.5,,,,
2018-03-01,,,,,,,,,,,,,1.51,249.577,14003.5,2.84
2018-03-31,3.303499937057495,57.25419998168945,65.02999877929688,6.288899898529053,11.831080436706543,1.2302846908569336,106.47899627685547,1.4029377698898315,1.288699984550476,90.1500015258789,64.94000244140625,1322.800048828125,,,,
2018-04-01,,,,,,,,,,,,,1.69,250.227,14021.4,2.87
2018-04-30,3.4581000804901123,62.3202018737793,66.61000061035156,6.336999893188477,12.318699836730957,1.2122827768325806,109.0979995727539,1.37710702419281,1.2839800119400024,91.83999633789062,68.56999969482422,1316.199951171875,,,,
2018-05-01,,,,,,,,,,,,,1.7,250.792,14077.4,2.98
2018-05-31,3.722100019454956,62.09700012207031,67.43000030517578,6.418000221252441,12.517900466918945,1.1667250394821167,108.71199798583984,1.328356385231018,1.2893099784851074,93.98999786376953,67.04000091552734,1300.0999755859375,,,,
2018-06-01,,,,,,,,,,,,,1.82,251.018,14137.7,2.91
2018-06-30,3.859499931335449,62.833900451660156,68.79669952392578,6.627399921417236,13.76710033416748,1.1562966108322144,110.48600006103516,1.3075141906738281,1.3255200386047363,94.62999725341797,74.1500015258789,1251.300048828125,,,,
2018-07-01,,,,,,,,,,,,,1.91,251.214,14171.1,2.89
2018-07-31,3.728100061416626,62.20640182495117,68.68499755859375,6.814899921417236,13.155269622802734,1.1707408428192139,110.99400329589844,1.3135426044464111,1.3028000593185425,94.48999786376953,68.76000213623047,1223.699951171875,,,,
2018-08-01,,,,,,,,,,,,,1.91,251.663,14219.4,2.89
2018-08-31,4.148600101470947,68.20269775390625,71.40499877929688,6.843100070953369,14.698380470275879,1.1664663553237915,110.9990005493164,1.301100730895996,1.2985899448394775,95.13999938964844,69.80000305175781,1200.300048828125,,,,
2018-09-01,,,,,,,,,,,,,1.95,252.182,14253.8,3.0
2018-09-30,4.01200008392334,65.53600311279297,72.94999694824219,6.880300045013428,14.104299545288086,1.1637378931045532,113.35700225830078,1.3078734874725342,1.3036400079727173,95.19000244140625,73.25,1191.5,,,,
2018-10-01,,,,,,,,,,,,,2.19,252.772,14265.4,3.15
2018-10-31,3.6946001052856445,65.47200012207031,73.6500015258789,6.966300010681152,14.595000267028809,1.1346358060836792,113.052001953125,1.2708903551101685,1.311400055885315,97.12999725341797,65.30999755859375,1212.300048828125,,,,
2018-11-01,,,,,,,,,,,,,2.2,252.594,14285.7,3.12
2018-11-30,3.8510000705718994,66.0697021484375,69.91999816894531,6.941500186920166,13.65310001373291,1.1392766237258911,113.41100311279297,1.2784454822540283,1.3274999856948853,97.2699966430664,50.93000030517578,1220.199951171875,,,,
2018-12-01,,,,,,,,,,,,,2.27,252.767,14407.5,2.83
2018-12-31,3.8742001056671143,69.52120208740234,69.92250061035156,6.877200126647949,14.415300369262695,1.1439945697784424,110.33000183105469,1.269357681274414,1.3622000217437744,96.16999816894531,45.40999984741211,1278.300048828125,,,,
2019-01-01,,,,,,,,,,,,,2.4,252.561,14471.5,2.71
2019-01-31,3.6814000606536865,65.41439819335938,71.12000274658203,6.7154998779296875,13.327899932861328,1.1487650871276855,108.98100280761719,1.3117163181304932,1.3141000270843506,95.58000183105469,53.790000915527344,1319.699951171875,,,,
2019-02-01,,,,,,,,,,,,,2.4,253.319,14506.7,2.68
2019-02-28,3.727299928665161,65.72579956054688,71.19000244140625,6.686200141906738,13.916600227355957,1.1380189657211304,110.86199951171875,1.3318239450454712,1.3144999742507935,96.16000366210938,57.220001220703125,1312.800048828125,,,,
2019-03-01,,,,,,,,,,,,,2.41,254.277,14550.5,2.57
2019-03-31,3.897700071334839,64.90869903564453,69.5,6.738100051879883,14.584600448608398,1.1230024099349976,110.63700103759766,1.30565345287323,1.3430500030517578,97.27999877929688,60.13999938964844,1293.0,,,,
2019-04-01,,,,,,,,,,,,,2.42,255.233,14579.0,2.53
2019-04-30,3.9442999362945557,64.43180084228516,69.81179809570312,6.732399940490723,14.307499885559082,1.1185182332992554,111.677001953125,1.2932428121566772,1.3454699516296387,97.4800033569336,63.90999984741211,1282.800048828125,,,,
2019-05-01,,,,,,,,,,,,,2.39,255.296,14678.3,2.4
2019-05-31,3.9800000190734863,65.21389770507812,69.9800033569336,6.900899887084961,14.769000053405762,1.1131147146224976,109.35700225830078,1.2609704732894897,1.352489948272705,97.75,53.5,1305.800048828125,,,,
2019-06-01,,,,,,,,,,,,,2.38,255.213,14798.6,2.07
2019-06-30,3.815999984741211,63.05739974975586,69.32499694824219,6.867099761962891,14.157899856567383,1.1372941732406616,107.74700164794922,1.267748475074768,1.3094300031661987,96.12999725341797,58.470001220703125,1409.699951171875,,,,
2019-07-01,,,,,,,,,,,,,2.4,255.802,14881.8,2.06
2019-07-31,3.789299964904785,63.49079895019531,69.07749938964844,6.883600234985352,14.178790092468262,1.1157974004745483,108.56199645996094,1.2161602973937988,1.3147599697113037,98.5199966430664,58.58000183105469,1426.0999755859375,,,,
2019-08-01,,,,,,,,,,,,,2.13,256.036,14964.1,1.63
2019-08-31,4.168099880218506,66.49150085449219,71.6801986694336,7.143599987030029,15.311699867248535,1.1061947345733643,106.43800354003906,1.218650221824646,1.3280999660491943,98.91999816894531,55.099998474121094,1519.0999755859375,,,,
2019-09-01,,,,,,,,,,,,,2.04,256.43,15062.4,1.7
2019-09-30,4.157100200653076,64.62210083007812,70.49870300292969,7.121799945831299,15.121700286865234,1.0942714214324951,107.94400024414062,1.2293167114257812,1.3235000371932983,99.37999725341797,54.06999969482422,1465.699951171875,,,,
2019-10-01,,,,,,,,,,,,,1.83,257.155,15197.3,1.71
2019-10-31,3.9862000942230225,63.75080108642578,70.98999786376953,7.0543999671936035,14.970999717712402,1.1154489517211914,108.78900146484375,1.290172815322876,1.316540002822876,97.3499984741211,54.18000030517578,1511.4000244140625,,,,
2019-11-01,,,,,,,,,,,,,1.55,257.879,15305.1,1.81
2019-11-30,4.188000202178955,64.05619812011719,71.54740142822266,7.03439998626709,14.700699806213379,1.101176142692566,109.51200103759766,1.29128897190094,1.327970027923584,98.2699966430664,55.16999816894531,1465.5999755859375,,,,
2019-12-01,,,,,,,,,,,,,1.55,258.63,15373.7,1.86
2019-12-31,4.015710830688477,61.971099853515625,71.31099700927734,6.9857001304626465,14.098589897155762,1.120229721069336,108.87300109863281,1.3113033771514893,1.3060599565505981,96.38999938964844,61.060001373291016,1519.5,,,,
2020-01-01,,,,,,,,,,,,,1.55,259.127,15443.2,1.76
2020-01-31,4.242199897766113,63.19609832763672,71.63999938964844,6.935699939727783,14.74020004272461,1.1029127836227417,108.87699890136719,1.3089004755020142,1.3211300373077393,97.38999938964844,51.560001373291016,1582.9000244140625,,,,
2020-02-01,,,,,,,,,,,,,1.58,259.25,15497.1,1.5
2020-02-29,4.484799861907959,66.26909637451172,71.93000030517578,7.003499984741211,15.470000267028809,1.0997228622436523,109.66000366210938,1.2888922691345215,1.3386199474334717,98.12999725341797,44.7599983215332,1564.0999755859375,,,,
2020-03-01,,,,,,,,,,,,,0.65,258.076,16025.9,0.87
2020-03-31,5.192699909210205,79.58920288085938,75.4000015258789,7.0991997718811035,17.920900344848633,1.1030466556549072,108.03500366210938,1.2371643781661987,1.417870044708252,99.05000305175781,20.479999542236328,1583.4000244140625,,,,
2020-04-01,,,,,,,,,,,,,0.05,256.032,17039.1,0.66
2020-04-30,5.334799766540527,73.06539916992188,75.25849914550781,7.075399875640869,18.144899368286133,1.087725043296814,106.61000061035156,1.2471472024917603,1.38742995262146,99.0199966430664,18.84000015258789,1684.199951171875,,,,
2020-05-01,,,,,,,,,,,,,0.05,255.802,17886.4,0.67
2020-05-31,5.403600215911865,70.50489807128906,75.95999908447266,7.145199775695801,17.4773006439209,1.1079105138778687,107.64299774169922,1.2321492433547974,1.3774000406265259,98.33999633789062,35.4900016784668,1736.9000244140625,,,,
2020-06-01,,,,,,,,,,,,,0.08,257.042,18173.5,0.73
2020-06-30,5.402100086212158,69.9729995727539,75.69999694824219,7.079599857330322,17.219200134277344,1.1247202157974243,107.58999633789062,1.2310571670532227,1.3656599521636963,97.38999938964844,39.27000045776367,1793.0,,,,
2020-07-01,,,,,,,,,,,,,0.09,258.352,18330.1,0.62
2020-07-31,5.153900146484375,73.32150268554688,74.98999786376953,7.007299900054932,16.725099563598633,1.1872254610061646,104.68299865722656,1.311785101890564,1.3412799835205078,93.48999786376953,40.27000045776367,1962.800048828125,,,,
2020-08-01,,,,,,,,,,,,,0.1,259.316,18396.3,0.65
2020-08-31,5.389999866485596,74.13020324707031,73.12830352783203,6.8643999099731445,16.570859909057617,1.1918240785598755,105.53500366210938,1.3356484174728394,1.3080300092697144,92.13999938964844,42.61000061035156,1967.5999755859375,,,,
2020-09-01,,,,,,,,,,,,,0.09,259.997,18628.8,0.68
2020-09-30,5.630499839782715,78.96510314941406,73.84500122070312,6.815400123596191,16.926979064941406,1.1742050647735596,105.66400146484375,1.2866535186767578,1.338379979133606,93.88999938964844,40.220001220703125,1887.5,,,,
2020-10-01,,,,,,,,,,,,,0.09,260.319,18783.4,0.79
2020-10-31,5.7778000831604,78.83830261230469,74.26399993896484,6.714000225067139,16.358600616455078,1.1678695678710938,104.55400085449219,1.2931926250457764,1.331529974937439,94.04000091552734,35.790000915527344,1877.4000244140625,,,,
2020-11-01,,,,,,,,,,,,,0.09,260.911,19012.1,0.87
2020-11-30,5.34250020980835,75.99150085449219,73.94090270996094,6.576000213623047,15.235549926757812,1.1971460580825806,104.08200073242188,1.333191156387329,1.298259973526001,91.87000274658203,45.34000015258789,1775.699951171875,,,,
2020-12-01,,,,,,,,,,,,,0.09,262.045,19165.9,0.93
2020-12-31,5.190838813781738,74.52200317382812,73.13400268554688,6.522200107574463,14.641300201416016,1.2299896478652954,103.12100219726562,1.36306631565094,1.2750699520111084,89.94000244140625,48.52000045776367,1893.0999755859375,,,,
2021-01-01,,,,,,,,,,,,,0.09,262.687,19392.5,1.08
2021-01-31,5.437989234924316,76.1666030883789,72.93879699707031,6.448400020599365,15.18850040435791,1.2120037078857422,104.29100036621094,1.3725008964538574,1.2830899953842163,90.58000183105469,52.20000076293945,1847.300048828125,,,,
2021-02-01,,,,,,,,,,,,,0.08,263.579,19628.2,1.26
2021-02-28,5.528025150299072,74.706298828125,73.1509017944336,6.453800201416016,14.998100280761719,1.2160420417785645,106.37899780273438,1.4008152484893799,1.260990023612976,90.93000030517578,61.5,1728.0999755859375,,,,
2021-03-01,,,,,,,,,,,,,0.07,264.961,19852.2,1.61
2021-03-31,5.771599769592285,75.90399932861328,73.44529724121094,6.571000099182129,14.901180267333984,1.1723604202270508,110.30500030517578,1.3746649026870728,1.2620799541473389,93.2300033569336,59.15999984741211,1713.800048828125,,,,
2021-04-01,,,,,,,,,,,,,0.07,266.614,20189.0,1.64
2021-04-30,5.336400032043457,74.72930145263672,74.10579681396484,6.471199989318848,14.281800270080566,1.2127091884613037,108.90399932861328,1.3952839374542236,1.227620005607605,91.27999877929688,63.58000183105469,1767.300048828125,,,,
2021-05-01,,,,,,,,,,,,,0.06,268.383,20457.0,1.62
2021-05-31,5.23799991607666,73.1947021484375,72.39350128173828,6.367400169372559,13.768500328063965,1.2190067768096924,109.90699768066406,1.4180374145507812,1.2077800035476685,90.02999877929688,66.31999969482422,1902.5,,,,
2021-06-01,,,,,,,,,,,,,0.08,270.654,20499.2,1.52
2021-06-30,4.955100059509277,72.72239685058594,74.28759765625,6.463099956512451,14.342399597167969,1.1901928186416626,110.53500366210938,1.3842746019363403,1.2396199703216553,92.44000244140625,73.47000122070312,1770.800048828125,,,,
2021-07-01,,,,,,,,,,,,,0.1,271.903,20654.4,1.32
2021-07-31,5.080399990081787,73.15299987792969,74.25199890136719,6.4552998542785645,14.516799926757812,1.1892997026443481,109.40899658203125,1.3964334726333618,1.2449300289154053,92.16999816894531,73.94999694824219,1812.5999755859375,,,,
2021-08-01,,,,,,,,,,,,,0.09,272.676,20837.0,1.28
2021-08-31,5.1828999519348145,73.41649627685547,73.41120147705078,6.465099811553955,14.623749732971191,1.1796904802322388,109.94400024414062,1.376045823097229,1.260890007019043,92.62999725341797,68.5,1815.0,,,,
2021-09-01,,,,,,,,,,,,,0.08,273.91,21004.6,1.37
2021-09-30,5.414299964904785,72.84590148925781,74.3219985961914,6.469600200653076,15.14330005645752,1.1601601839065552,111.93599700927734,1.3426424264907837,1.27538001537323,94.25,75.02999877929688,1755.300048828125,,,,
2021-10-01,,,,,,,,,,,,,0.08,276.55,21168.0,1.58
2021-10-31,5.644899845123291,70.14240264892578,74.79720306396484,6.390399932861328,15.108960151672363,1.1683608293533325,113.61599731445312,1.380071759223938,1.2346099615097046,94.12000274658203,83.56999969482422,1783.0,,,,
2021-11-01,,,,,,,,,,,,,0.08,278.919,21337.9,1.56
2021-11-30,5.6006999015808105,74.43920135498047,75.05490112304688,6.38700008392334,16.103120803833008,1.1293437480926514,113.80400085449219,1.3315047025680542,1.273800015449524,95.98999786376953,66.18000030517578,1773.5999755859375,,,,
2021-12-01,,,,,,,,,,,,,0.08,280.845,21494.0,1.47
2021-12-31,5.570199966430664,74.53150177001953,74.43119812011719,6.372099876403809,15.889100074768066,1.132502794265747,115.06300354003906,1.349837303161621,1.274440050125122,95.66999816894531,75.20999908447266,1827.5,,,,
2022-01-01,,,,,,,,,,,,,0.08,282.543,21614.0,1.76
2022-01-31,5.362599849700928,77.73580169677734,75.03900146484375,6.35099983215332,15.582269668579102,1.1152374744415283,115.26200103759766,1.3403388261795044,1.2759100198745728,96.54000091552734,88.1500015258789,1795.0,,,,
2022-02-01,,,,,,,,,,,,,0.08,284.5,21712.7,1.93
2022-02-28,5.15939998626709,83.26100158691406,75.06800079345703,6.315999984741211,15.35280990600586,1.118105411529541,115.58499908447266,1.337327480316162,1.2755199670791626,96.70999908447266,95.72000122070312,1899.4000244140625,,,,
2022-03-01,,,,,,,,,,,,,0.2,287.674,21749.8,2.13
2022-03-31,4.769700050354004,83.46499633789062,75.82779693603516,6.346199989318848,14.482199668884277,1.1161835193634033,122.02100372314453,1.3138878345489502,1.24822998046875,98.30999755859375,100.27999877929688,1949.199951171875,,,,
2022-04-01,,,,,,,,,,,,,0.33,288.561,21780.3,2.75
2022-04-30,4.93779993057251,72.71499633789062,76.58899688720703,6.62529993057251,15.982500076293945,1.0504201650619507,130.81100463867188,1.2463854551315308,1.280460000038147,102.95999908447266,104.69000244140625,1909.300048828125,,,,
2022-05-01,,,,,,,,,,,,,0.77,291.298,21723.2,2.9
2022-05-31,4.752399921417236,64.58989715576172,77.5208969116211,6.660299777984619,15.476799964904785,1.0773539543151855,127.78399658203125,1.2647020816802979,1.2655199766159058,101.75,114.66999816894531,1842.699951171875,,,,
2022-06-01,,,,,,,,,,,,,1.21,294.957,21676.8,3.14
2022-06-30,5.1809000968933105,52.4650993347168,78.89830017089844,6.69980001449585,16.20870018005371,1.04465913772583,136.58900451660156,1.2131799459457397,1.2883299589157104,104.69000244140625,105.76000213623047,1804.0999755859375,,,,
2022-07-01,,,,,,,,,,,,,1.68,294.913,21676.5,2.9
2022-07-31,5.182700157165527,62.46500015258789,79.57150268554688,6.745800018310547,16.526199340820312,1.0192328691482544,134.39700317382812,1.2173447608947754,1.2806999683380127,105.9000015258789,98.62000274658203,1762.9000244140625,,,,
2022-08-01,,,,,,,,,,,,,2.33,295.097,21644.0,2.9
2022-08-31,5.1219000816345215,59.96500015258789,79.68229675292969,6.910799980163574,16.957799911499023,1.0025062561035156,138.73399353027344,1.1659767627716064,1.3089499473571777,108.69999694824219,89.55000305175781,1712.800048828125,,,,
2022-09-01,,,,,,,,,,,,,2.56,296.349,21560.6,3.52
2022-09-30,5.396200180053711,57.46500015258789,81.48059844970703,7.123899936676025,17.96558952331543,0.9829555749893188,144.43099975585938,1.1169440746307373,1.3674499988555908,112.12000274658203,79.48999786376953,1662.4000244140625,,,,
2022-10-01,,,,,,,,,,,,,3.08,298.007,21465.8,3.98
2022-10-31,5.28849983215332,61.4900016784668,82.23919677734375,7.251399993896484,18.114999771118164,0.9955002665519714,147.81199645996094,1.159595012664795,1.3608100414276123,111.52999877929688,86.52999877929688,1635.9000244140625,,,,
2022-11-01,,,,,,,,,,,,,3.78,298.786,21408.6,3.89
2022-11-30,5.268199920654297,60.810001373291016,81.63089752197266,7.15939998626709,16.968050003051758,1.0324499607086182,138.7449951171875,1.1946860551834106,1.3583600521087646,105.94999694824219,80.55000305175781,1746.0,,,,
2022-12-01,,,,,,,,,,,,,4.1,298.832,21266.4,3.62
2022-12-31,5.284599781036377,73.96499633789062,82.83509826660156,6.963099956512451,16.92060089111328,1.066075325012207,132.91600036621094,1.2056326866149902,1.3552000522613525,103.5199966430664,80.26000213623047,1819.699951171875,,,,
2023-01-01,,,,,,,,,,,,,4.33,300.42,21249.4,3.53
2023-01-31,5.1149001121521,69.87999725341797,81.57990264892578,6.747799873352051,17.378700256347656,1.0850694179534912,130.47900390625,1.2353609800338745,1.338379979133606,102.0999984741211,78.87000274658203,1929.5,,,,
2023-02-01,,,,,,,,,,,,,4.57,301.45,21226.9,3.75
2023-02-28,5.199699878692627,74.61499786376953,82.6520004272461,6.943900108337402,18.380229949951172,1.0611205101013184,136.31700134277344,1.2061562538146973,1.3573999404907227,104.87000274658203,77.05000305175781,1828.9000244140625,,,,
2023-03-01,,,,,,,,,,,,,4.65,301.821,20917.4,3.66
2023-03-31,5.092700004577637,77.23999786376953,82.10050201416016,6.8703999519348145,17.739900588989258,1.0904649496078491,133.2010040283203,1.2387275695800781,1.3521900177001953,102.51000213623047,75.66999816894531,1969.0,,,,
2023-04-01,,,,,,,,,,,,,4.83,302.845,20770.4,3.46
2023-04-30,4.976200103759766,81.81500244140625,81.76509857177734,6.922299861907959,18.268850326538086,1.1032048463821411,133.802001953125,1.249750018119812,1.359969973564148,101.66999816894531,76.77999877929688,1990.0999755859375,,,,
2023-05-01,,,,,,,,,,,,,5.06,303.334,20840.8,3.57
2023-05-31,5.034800052642822,79.61000061035156,82.68389892578125,7.078999996185303,19.652910232543945,1.073306918144226,139.79200744628906,1.241187572479248,1.359969973564148,104.31999969482422,68.08999633789062,1963.9000244140625,,,,
2023-06-01,,,,,,,,,,,,,5.08,304.014,20823.8,3.75
2023-06-30,4.855599880218506,86.82499694824219,82.07540130615234,7.251800060272217,18.749500274658203,1.0868029594421387,144.77999877929688,1.2614636421203613,1.3250000476837158,102.91000366210938,70.63999938964844,1921.0999755859375,,,,
2023-07-01,,,,,,,,,,,,,5.12,304.609,20815.5,3.9
2023-07-31,4.723299980163574,92.0250015258789,82.25279998779297,7.102799892425537,17.597999572753906,1.1024264097213745,140.75799560546875,1.2853965759277344,1.3250999450683594,101.86000061035156,81.80000305175781,1970.5,,,,
2023-08-01,,,,,,,,,,,,,5.33,306.082,20792.5,4.17
2023-08-31,4.888400077819824,96.26499938964844,82.70040130615234,7.283599853515625,18.693910598754883,1.0932546854019165,146.0989990234375,1.271179437637329,1.3535300493240356,103.62000274658203,83.62999725341797,1938.199951171875,,,,
2023-09-01,,,,,,,,,,,,,5.33,307.276,20771.8,4.38
2023-09-30,5.032800197601318,96.61499786376953,83.19300079345703,7.299900054931641,18.97266960144043,1.0562450885772705,149.33700561523438,1.2204796075820923,1.3490999937057495,106.16999816894531,90.79000091552734,1848.0999755859375,,,,
2023-10-01,,,,,,,,,,,,,5.33,307.696,20737.1,4.8
2023-10-31,5.04610013961792,92.5199966430664,83.29650115966797,7.312099933624268,18.834699630737305,1.061503529548645,149.11099243164062,1.2165746688842773,1.3828599452972412,106.66000366210938,81.0199966430664,1985.199951171875,,,,
2023-11-01,,,,,,,,,,,,,5.33,308.148,20743.4,4.5
2023-11-30,4.904099941253662,88.66500091552734,83.3302993774414,7.07889986038208,18.729299545288086,1.0973695516586304,147.03900146484375,1.2696397304534912,1.3590199947357178,103.5,75.95999908447266,2038.0999755859375,,,,
2023-12-01,,,,,,,,,,,,,5.33,308.741,20745.1,4.02
2023-12-31,4.850200176239014,88.44000244140625,82.302001953125,7.10699987411499,18.56730079650879,1.1068191528320312,141.42999267578125,1.2733986377716064,1.3229600191116333,101.33000183105469,71.6500015258789,2062.39990234375,,,,
2024-01-01,,,,,,,,,,,,,5.33,309.698,20815.3,4.06
2024-01-31,4.950300216674805,89.73999786376953,83.10970306396484,7.094099998474121,18.779300689697266,1.08433997631073,147.36900329589844,1.269551157951355,1.3401700258255005,103.2699966430664,75.8499984741211,2048.39990234375,,,,
2024-02-01,,,,,,,,,,,,,5.33,310.967,20903.0,4.21
2024-02-29,4.967299938201904,91.87000274658203,82.91190338134766,7.196000099182129,19.25309944152832,1.0838816165924072,150.656005859375,1.2663036584854126,1.3577500581741333,104.16000366210938,78.26000213623047,2045.699951171875,,,,
2024-03-01,,,,,,,,,,,,,5.33,312.345,20943.8,4.21
2024-03-31,5.014100074768066,92.44000244140625,83.39299774169922,7.226500034332275,18.896699905395508,1.0794472694396973,151.44000244140625,1.26262629032135,1.353600025177002,104.55000305175781,83.16999816894531,2217.39990234375,,,,
2024-04-01,,,,,,,,,,,,,5.33,313.023,20969.9,4.54
2024-04-30,5.117000102996826,93.41999816894531,83.45110321044922,7.23769998550415,18.63031005859375,1.0715701580047607,156.31399536132812,1.2559815645217896,1.36667001247406,106.22000122070312,81.93000030517578,2291.39990234375,,,,
2024-05-01,,,,,,,,,,,,,5.33,313.175,21032.0,4.48
2024-05-31,5.202099800109863,89.56999969482422,83.3208999633789,7.233500003814697,18.706300735473633,1.0835410356521606,156.9530029296875,1.27304208278656,1.3683300018310547,104.66999816894531,76.98999786376953,2322.89990234375,,,,
2024-06-01,,,,,,,,,,,,,5.33,313.044,21094.6,4.31
2024-06-30,5.500500202178955,84.99630737304688,83.45089721679688,7.267199993133545,18.433900833129883,1.0708472728729248,160.68699645996094,1.2645741701126099,1.3699300289154053,105.87000274658203,81.54000091552734,2327.699951171875,,,,
2024-07-01,,,,,,,,,,,,,5.33,313.569,21122.6,4.25
2024-07-31,5.611100196838379,85.74746704101562,83.73899841308594,7.250699996948242,18.304779052734375,1.0816072225570679,152.6699981689453,1.2836971282958984,1.3849600553512573,104.0999984741211,77.91000366210938,2426.5,,,,
2024-08-01,,,,,,,,,,,,,5.33,314.062,21204.7,3.87
2024-08-31,5.627699851989746,91.49642944335938,83.89510345458984,7.0954999923706055,17.7273006439209,1.1080454587936401,144.88999938964844,1.3166210651397705,1.3489099740982056,101.69999694824219,73.55000305175781,2493.800048828125,,,,
2024-09-01,,,,,,,,,,,,,5.13,314.732,21289.0,3.72
2024-09-30,5.433199882507324,94.22872924804688,83.71640014648438,7.010300159454346,17.087600708007812,1.1169815063476562,142.7830047607422,1.338329792022705,1.3508800268173218,100.77999877929688,68.16999816894531,2636.10009765625,,,,
2024-10-01,,,,,,,,,,,,,4.83,315.631,21337.0,4.1
2024-10-31,5.76230001449585,97.01905822753906,84.08910369873047,7.114799976348877,17.64529037475586,1.0859178304672241,153.20399475097656,1.2959579229354858,1.3907999992370605,103.9800033569336,69.26000213623047,2738.300048828125,,,,
2024-11-01,,,,,,,,,,,,,4.64,316.528,21440.0,4.36
2024-11-30,6.013899803161621,107.99378967285156,84.47160339355469,7.2428998947143555,18.080699920654297,1.0563008785247803,151.1739959716797,1.2696800231933594,1.4007200002670288,105.73999786376953,68.0,2657.0,,,,
2024-12-01,,,,,,,,,,,,,4.48,317.604,21458.4,4.39
2024-12-31,6.193699836730957,104.51876068115234,85.38600158691406,7.297800064086914,18.654499053955078,1.0429377555847168,157.8730010986328,1.257880687713623,1.4403400421142578,108.12999725341797,70.98999786376953,2606.10009765625,,,,
